sign1_id,sign2_id,percent,description
1,1,75,"Може здатися дивним уявити Водолія, закоханого в іншого Водолія. Коли ви вивчаєте астрологію, одне з перших речей, які ви дізнаєтеся, це те, що Водолій є знаком розлучень, розривів і звільнення від режимів та стосунків. Як знак, що несе в собі протиріччя, Водолію часто нелегко спілкуватися з будь-яким іншим знаком зодіаку, але саме це вони можуть зрозуміти один в одному. Якщо вони по-справжньому поважають один одного, є велика ймовірність, що вони навчаться розуміти й інші аспекти життя один одного. Як би божевільно це не звучало, ці двоє партнерів мають великі шанси залишитися разом, тому що вони знатимуть один одного краще, ніж будь-хто інший. Однак вони рідко відчувають сильну привабливість один до одного, і навіть коли це трапляється, їм дуже важко сформувати глибокий емоційний зв'язок. Коли ж це трапляється, то... небо не є межею."
1,2,40,"Як і всі сусідні знаки, Водолій і Риби не завжди найкраще розуміють особистість один одного. Однак знак Водолія підносить Нептуна, правителя Риб, і це дає їм міцний зв'язок через планету всієї магії. Нелегко створити казкову версію цього контакту, але як тільки вони знайдуть емоційну рівновагу і єдину, основну істину один для одного, вони без проблем зможуть підтримувати свою казку, день за днем."
1,3,70,"Овен і Водолій створюють незвичайну та цікаву пару з елементів вогню і повітря, де обидва партнери цінують свободу та нові ідеї. Сміливість та ініціативність Овна гармонійно доповнюється винахідливістю і незалежністю Водолія – разом вони генерують безліч оригінальних планів і з радістю втілюють їх у життя. Їхні стосунки сповнені дружнього тепла та веселощів: Водолій захоплюється щирістю і силою Овна, а Овен поважає інтелект і нестандартний погляд на світ партнера. Іноді емоційно відсторонений Водолій може здаватися Овну занадто холодним, а Овен для Водолія – занадто вимогливим, але вони здатні швидко знаходити компроміс завдяки взаємній повазі. Коли ця пара підтримує одне одного у мріях і починаннях, їхнє кохання розквітає – яскраве, вільне та натхненне спільними пригодами."
1,4,40,"Телець і Водолій – незвична пара з протилежними поглядами, де зіткнулися традиційність землі та бунтівливість повітря. Консервативний Телець живе реальними справами і цінує звичний порядок, тоді як Водолій – яскрава індивідуальність, новатор і мрійник, який прагне змін та експериментів. Спочатку різниця може навіть притягувати: Водолій з цікавістю вчиться у Тельця терпінню і теплоті, а Телець піддається чарівності розуму і оригінального мислення партнера-Водолія. Згодом конфліктів не уникнути: Тельця засмучують непередбачуваність і емоційна відстороненість Водолія, а Водолію здається, що Телець надто впертий і скутий рамками. Цим знакам важко порозумітися без компромісів, але якщо вони щиро кохають, то можуть спробувати збалансувати різні світи – Телець дарує стосункам сталість і тепло, а Водолій привносить у них свіжість і захопливість."
1,5,95,"Близнюки і Водолій – блискучий союз двох повітряних стихій, де панують інтелект, дружба і взаємна свобода. Обидва знаки люблять нове та незвичайне: Близнюки невтомно генерують ідеї, а оригінальний Водолій із захопленням підхоплює їх – разом вони утворюють креативний і дуже товариський дует. Їхня емоційна прив’язаність будується на глибокому інтелектуальному зв’язку: вони годинами говорять про все на світі, розуміючи одне одного з півслова, та підтримують особисту незалежність партнера. Жоден з них не обмежує іншого – навпаки, вони надихають на розвиток та поважають індивідуальність: Водолій цінує дотепність і гнучкість Близнюків, а Близнюки захоплюються гуманністю і сміливими поглядами Водолія. Це майже ідеальна пара, в якій панує легкість і довіра: їхнє кохання нагадує яскраву дружбу, переповнену ніжністю, спільними мріями і взаємною підтримкою."
1,6,10,"Рак і Водолій – один з найменш ймовірних союзів, де традиціоналіст і домосід Рак намагається порозумітися з бунтівним і незалежним Водолієм. Емоційний Рак прагне близькості, передбачуваності і взаємної турботи, тоді як інтелектуальний Водолій цінує свободу, має безліч друзів та захоплень і часто емоційно відсторонений. Спочатку Рак може зацікавитися оригінальністю Водолія і його широким світоглядом, а Водолія приваблює доброта і щирість Рака – вони бачать одне в одному щось екзотичне. Однак дуже швидко Рак починає страждати від браку уваги та тепла, які не завжди здатен дати віддалений партнер, а Водолій відчуває тиск від надмірної чутливості та прив’язаності Рака. Зазвичай ці стосунки довго не тривають – надто вже різні їхні потреби – але якщо вони спробують зрозуміти один одного, то можуть навчитися цінним речам: Рак – трохи більше свободи, а Водолій – трохи більше душевності."
1,7,60,"Лев і Водолій – протилежності на зодіакальному колі (вогонь і повітря), їхній союз тримається на взаємному притяганні та одночасно викликах. Леву подобається оригінальність, розум та незалежний характер Водолія – він бачить у ньому цікавого співрозмовника і особистість, яка не підкоряється натовпу, а Водолія захоплює сила, щедрість і яскравість Лева. Спочатку між ними виникає сильний інтерес: вони багато спілкуються, діляться ідеями, разом втілюють креативні плани, їх фізична та інтелектуальна сумісність на високому рівні. Згодом проблеми можуть виникнути через різні потреби: Лев хоче більше емоційної близькості, поклоніння і традиційного вираження любові, а Водолій цінує дружнє партнерство, свободу і може здаватися Леву занадто відстороненим чи холодним – це неймовірно дратує та ранить Лева. Якщо вони навчаться приймати особливості одне одного – Лев дасть Водолію щире серце і лідерство, а Водолій подарує Леву нові погляди і простір для розвитку – їхній союз може стати незвичайним, але напрочуд плідним коханням, сповненим взаємоповаги."
1,8,30,"Діва може уособлювати все те, від чого тікає Водолій – практичність, турботу про здоров'я та земні справи, приземленість, манію до чистоти. Уявіть, наскільки безвідповідальним, хаотичним і нереалістичним Водолій виглядає в їхніх очах. Найсильніша точка дотику між ними – це раціональність і комунікабельність, і це можна використовувати для подолання багатьох проблем, що виникають через їхні відмінності. На жаль, у більшості випадків між ними не буде достатньої хімії, щоб почати стосунки, не кажучи вже про те, щоб довго залишатися в сексуально задовільних стосунках. Якщо вони ставитимуться один до одного серйозно, то можуть створити разом неймовірні речі, оскільки їхні великі уми злиються воєдино."
1,9,70,"Між партнерами-Терезами і Водоліями існує сильне взаєморозуміння завдяки їхньому спільному елементу Повітря. Проте, їхнім неспокійним Сонцям може бути досить складно порозумітися, і вони часто матимуть труднощі з пристосуванням до характеру один одного та знаходженням глибокої поваги один до одного. Найкращим ліком від будь-яких проблем у їхніх стосунках зазвичай є час, але через потребу Водоліїв у спонтанності вони часто не протримаються достатньо довго, щоб час зміг виправити те, що було зруйновано. Якою б не була їхня історія, вони переживуть разом багато цікавих подій, і якщо вони закохаються, то для такої пари було б шкода не спробувати побудувати стосунки, як би вони не закінчилися."
1,10,30,"Хтось може сказати, що це кармічні стосунки, що ці партнери були ворогами в одному зі своїх попередніх життів і що вони можуть боротися, поки один з них не загине. Однак це було б дещо надмірним. Правда в тому, що Скорпіон є знаком екзальтації Урана і, як такий, він певним чином обожнює Водолія. У більшості випадків партнер-Скорпіон буде одержимо виявляти свою прихильність, але Водолію це може бути навіть приємно. Якщо подивитися на знак Водолія, то ми побачимо, що він підносить Нептун, правителя водного знака Риб, і всі наші припущення про їхню емоційну холодність потонуть у їхній безмежній любові. Справа в тому, що вони обидва є в певному сенсі ізгоями і бунтівниками. Скорпіон уособлює всі наші емоції, з якими ми не хочемо мати справу, а Водолій уособлює спосіб мислення, до якого більшість з нас не готова. Найкраще розглядати їх як провісників змін, бо саме це вони принесуть у життя одне одного."
1,11,85,"Стосунки між Стрільцем і Водолієм можуть здаватися іншим людям дружбою між особами однієї статі, і що б вони про це не думали, саме такі стосунки можуть бути потрібні обом партнерам. Вони зустрінуться, коли для обох настане час змін у житті або коли вони захочуть розлучитися з партнером, який їх обмежує. Їхні стосунки часто є яскравим прикладом для всіх навколо, оскільки вони ставлять на перше місце майбутнє і дають надію на кращі часи. Головна проблема Стрільця і Водолія полягає в їхній раціональній природі. Хоча їхні розуми будуть чудово ладнати, їм може бути важко досягти справжньої близькості та інтимності. Їм обом потрібно сповільнитися і запитати себе, що вони відчувають, перш ніж опинитися в бездушних стосунках, в яких вони знаходять розраду, тікаючи від світу."
1,12,40,"Козеріг і Водолій спочатку можуть не вважати один одного цікавими. Обидва ці знаки традиційно перебувають під владою Сатурна, але їхні ролі в зодіаку абсолютно різні. Найскладнішим моментом у їхніх стосунках є емоційний контакт. Якщо вони хочуть залишитися разом, Козеріг повинен трохи відірватися від землі, а Водолій — трохи наблизитися до неї. Їм потрібно знайти золоту середину, щоб Козеріг міг допомогти Водолію втілити його ідеї, а Водолій — допомогти Козерігу внести необхідні зміни в його життя і звернутися до чогось нового."
2,2,75,"Двоє партнерів-Риб будуть мати проблеми з довірою один до одного. Їх мінлива натура буде постійно змінювати їхні стосунки, і тільки якщо вони поділяють достатньо любові, вони зможуть впоратися зі змінами і залишитися разом. У"
2,3,25,"Овен і Риби – одна з найскладніших пар зодіаку, у якій прямолінійний вогонь зустрічається з чутливою водою. Романтичні, мрійливі Риби прагнуть глибокого емоційного зв’язку і делікатності, тоді як відвертий та запальний Овен іноді буває занадто різким для тонкої душі Риб. Між ними можливе сильне притягання протилежностей: Овен спершу захоплюється загадковістю і добротою Риб, а Риби бачать в Овні сміливого захисника. Проте з часом різниця темпераментів дається взнаки – Овен може випадково поранити почуття вразливих Риб своєю нетактовністю, а Риби, закриваючись у своїх образах, віддаляються від партнера. Цим двом потрібне велике терпіння і розуміння: якщо Овен навчиться ніжності, а Риби – більшої відкритості, то навіть такий контрастний союз може знайти шлях до гармонії через щире кохання та співчуття."
2,4,90,"Телець і Риби – дивовижно гармонійне поєднання земної практичності та водної чуттєвості. Ніжні Риби відчувають себе захищеними поруч із сильним і турботливим Тельцем, а Телець зачарований м’яким романтизмом та глибокою духовністю Риб. Їхні стосунки сповнені доброти, співчуття і тихої радості: вони інтуїтивно розуміють емоції одне одного, поділяють любов до мистецтва, природи чи спільних мрій. Телець допомагає мрійливим Рибам відчувати ґрунт під ногами, підтримує їхні фантазії реальними діями, натомість Риби наповнюють життя Тельця натхненням, романтикою та глибокими почуттями. Ця пара має всі шанси на щасливе майбутнє: їхнє кохання щире, лагідне і міцне, бо кожен готовий віддати партнеру тепло свого серця і прийняти його таким, яким він є."
2,5,5,"Близнюки та Риби – майже полярні протилежності, яким дуже важко знайти спільну хвилю у стосунках. Легкі і раціональні Близнюки живуть розумом і словами, тоді як мрійливі емоційні Риби – серцем і інтуїцією, через що вони ніби говорять різними мовами. Спершу Риби можуть захопитися веселістю та гострим розумом Близнюків, а тим, своєю чергою, подобається загадкова чуттєвість Риб. Але дуже швидко непорозуміння переважають: Близнюкам важко задовольнити глибоку потребу Риб у ніжності і підтримці, а Риби відчувають себе розгубленими через мінливість і відстороненість партнерів-Близнюків. Для успіху цієї пари потрібне справжнє диво або велика любов: лише неймовірна терплячість Риб і небачена уважність Близнюків могли б допомогти їм побудувати крихкий місточок взаєморозуміння."
2,6,89,"Рак і Риби – дві споріднені водні душі, що творять ніжний, майже казковий роман. Вони чудово розуміють почуття одне одного: інтуїтивні Риби співпереживають кожному настрою Рака, а дбайливий Рак створює Рибам безпечний простір, де можна мріяти і бути собою. Їхній зв’язок глибоко емоційний і духовний – вони можуть мовчати разом, просто відчуваючи присутність партнера, і це буде для них найбільшим щастям. Конфлікти між ними трапляються рідко, хіба що обидва іноді заглиблюються у свої образи замість одразу про них сказати, але ніжність і любов швидко допомагають їм усе вирішити. Це дуже теплий і зворушливий союз: Рак і Риби надихають та підтримують одне одного, їхнє кохання сповнене романтики, взаємної відданості та тонкого взаєморозуміння на рівні сердець."
2,7,10,"Лев і Риби – союз, сповнений романтики та складнощів, де сонячний вогонь зустрічається з місячною водою. Щедрий, відкритий Лев живе на повну, прагнучи слави і активного життя, а мрійливі, тонко відчуваючі Риби більше зосереджені на внутрішньому світі, емоціях та духовності. Спочатку Лева зворушує ніжність і загадковість Риб – йому хочеться захищати і оберігати цього ніжного партнера, а Риби захоплюються яскравістю і впевненістю Лева, відчуваючи поруч із ним захист. Але згодом різниця стає надто відчутною: Лев може ненароком ранити тендітних Риб своєю прямотою або зайнятістю власною персоною, а Риби для Лева надто вразливі, потайні і незрозумілі – Леву важко бути з тим, хто ховається в тіні. Цей союз тримається хіба що на великому коханні або компромісі: якщо Лев проявить більше чуйності і м’якості, а Риби наберуться сміливості висловлювати свої потреби, тоді навіть така непроста пара може знайти моменти справжнього щастя."
2,8,90,"Діва і Риби представляють вісь піднесення і падіння як Венери, так і Меркурія. Це робить їх партнерами з найбільшими викликами і найбільшим потенціалом для кохання у всьому зодіаку. Їм потрібно знайти тонкий баланс між раціональністю і емоціями, кожному окремо і разом через свої стосунки. У багатьох випадках це не та пара, яка протримається дуже довго, оскільки їхня мінлива природа робить їх достатньо мінливими, щоб швидко знехтувати всіма стосунками, якщо вони не задоволені. Їм потрібно усвідомити, що досконалість, якої вони прагнуть, може не бути представлена у тій формі, якої вони очікують. Якщо вони залишаться разом достатньо довго, щоб зрозуміти переваги своїх стосунків, вони можуть відкрити, що любов між ними є єдиною справжньою любов'ю, яку вони можуть знайти в цьому житті."
2,9,30,"Терези та Риби мають спільну точку дотику в красі Венери. Проте вони сприймають її по-різному і часто не поважають одне одного настільки, щоб побачити красу Венери в партнері. Їм може бути дуже важко пристосуватися до темпу свого партнера, а мінливий характер Риб часто не допомагає їм швидше відкритися, щоб побудувати стосунки в темпі, який би підходив їхньому партнеру-Терезам. І Терези, і Риби можуть безкорисливо цікавитися задоволенням свого партнера, і це повинно допомогти їм залишатися в хороших стосунках, що б між ними не трапилося. Якщо вони подолають неповагу і нереалістичні очікування від особистості один одного, вони можуть виявити, що їх об'єднує справжня любов."
2,10,80,"Коли Скорпіон і Риби зустрічаються, ці стосунки, ймовірно, дадуть їм обом нові уявлення про емоційні можливості. Вони обоє легко захопляться образом казкового кохання, і цей образ може тримати їх разом дуже довго, навіть якщо вони обоє не дуже щасливі. Як два знаки Води, вони будуть покладатися на свої емоційні судження і розуміти це один в одному, створюючи справжню близькість. Виклик тут полягає в тому, щоб Скорпіон не зациклювався і не душив свого мінливого партнера, а Риби перестали тікати від негативних емоцій."
2,11,50,"Стосунки між Рибами та Стрільцем – це стосунки двох споріднених душ, які часто не тривають дуже довго. Спочатку їм буде складно вийти за межі платонічної зони і почати будувати фізичні стосунки. Як тільки вони зблизяться, почнеться процес пізнання, і обоє партнерів будуть зачаровані одне одним, думаючи, що їхні стосунки ніколи не закінчаться. Вони легко ідеалізують одне одного, вважають свої стосунки ідеальним коханням, але це захоплення не триватиме довго через їхню мінливу натуру. Насправді їхні стосунки є миттю в часі, коли вони обоє заслужили на посмішку. Поки вони тривають і вони щасливі, вони будуть дорогі обом."
2,12,75,"Стосунки між Козерогом і Рибами розповідають історію про можливості натхнення. Якщо хтось на зразок Козерога може бути втягнутий у божевільну історію кохання, захоплюючу і непередбачувану, то це має зробити Риби. Натомість Козеріг запропонує своєму партнеру-Рибам стабільність, спокій і деякий відпочинок від їхніх звичних емоційних бур. Є чудовий спосіб, за допомогою якого Козеріг може допомогти Рибам бути більш реалістичними і практичними, водночас відчуваючи себе більш веселими і оптимістичними. Проте, у їхніх стосунках є певні виклики, які в основному пов'язані з їхньою любов'ю до Юпітера. Їм може бути важко погодити свої різні підходи до релігії, віри та різних систем переконань. Щоб подолати це, найкраще, якщо вони обоє запитають себе: чи працює їхня система переконань? І чи працює система переконань їхнього партнера? Якщо вони зрозуміють відповіді на ці питання, вони можуть знайти достатньо поваги, щоб залишити Юпітер один одного недоторканим."
3,3,90,"Два Овни утворюють яскравий і динамічний союз. Обидва є вогняними знаками під впливом Марса, тому їх відносини наповнені пристрастю та енергією. Їхній роман кипить азартом і сміливими пригодами, адже кожен партнер надихає іншого на нові звершення. Однак два лідери в парі можуть змагатися за головну роль, тому їм важливо вчитися поступатися і контролювати свій запал. Якщо Овни виявлять терпіння і повагу, їхній гарячий союз може стати міцним та щасливим, адже вони чудово розуміють вогняну натуру одне одного."
3,4,45,"Овен (вогонь) і Телець (земля) – це пара протилежних темпераментів, де імпульсивність стикається зі спокоєм. Запальний Овен прагне пригод і швидких змін, тоді як терплячий Телець любить стабільність і повільний ритм життя. Спочатку між ними може виникнути сильний фізичний потяг – Овна приваблює ніжність Тельця, а Тельця зачаровує сміливість Овна. Проте у буденному житті їм нелегко: Овен може нетерпляче підганяти обережного партнера, а впертий Телець не завжди готовий йти на поступки. Якщо вони навчаться компромісу – Овен внесе в стосунки пристрасть, а Телець подарує їм надійність – то ця різнобарвна пара матиме шанс на гармонійне кохання."
3,5,80,"Овен і Близнюки утворюють жвавий та веселий тандем, що базується на поєднанні вогню і повітря. Енергійний Овен та допитливі Близнюки швидко знаходять спільну мову – їх приваблює дух пригод та любов до нових вражень. У романі між ними панує легкість і грайливість: вони багато спілкуються, сміються та спільно вигадують сміливі плани. Іноді Близнюкам може бракувати глибини емоцій Овна, а Овен часом ревнує до мінливої природи партнерів-Близнюків. Попри дрібні непорозуміння, ця пара зазвичай щаслива разом – їхнє життя наповнене рухом, теплими почуттями та взаємним надиханням."
3,6,45,"Овен і Рак – складне поєднання вогню та води, де палка відвертість зустрічається з ніжною чуттєвістю. Сміливий Овен захоплюється добротою і романтизмом Рака, а Рака водночас приваблює сила та впевненість партнера-Овна. На початку між ними може спалахнути пристрасне тяжіння, але з часом різниця характерів стає відчутною. Ранимого Рака можуть ображати прямолінійні слова Овна, а Овен не завжди розуміє тонкі емоції партнера, через що виникають образи. Якщо вони навчаться чути одне одного – Овен проявить більше ніжності, а Рак спробує бути сміливішим – ця пара зможе знайти теплоту та підтримку у стосунках."
3,7,90,"Овен і Лев – дві іскри одного вогню, що створюють яскравий і гармонійний союз. Обидва – сильні, впевнені знаки, наділені лідерськими якостями та невичерпною енергією, тому разом вони відчувають взаємне захоплення. Їхні романтичні стосунки сповнені пристрасті, веселощів і щирого захоплення одне одним – Лев обожнює ініціативність Овна, а Овен захоплюється шляхетністю Лева. У парі панує атмосфера гри і романтики, хоча інколи двом гордим натурам доводиться ділити увагу та визнання. За умови взаємної підтримки і похвали ця пара здатна на довготривале щасливе кохання, адже їхні серця горять однаково яскравим вогнем."
3,8,45,"Овен і Діва – незвична пара, де імпульсивність вогню стикається з розважливістю землі. Рішучий Овен діє перш ніж подумати, а практична Діва все ретельно аналізує – ці різні підходи спочатку можуть викликати іскри нерозуміння. Проте Овен захоплюється мудрістю і надійністю Діви, а Діва у глибині душі милується сміливістю та життєлюбством партнера-Овна. Щоб досягти гармонії, їм слід навчитися поважати відмінності: Овен може внести у життя Діви більше радості і спонтанності, а Діва допоможе Овну стати трохи організованішим. Якщо вони будуть терпеливі й уважні одне до одного, то зможуть перетворити свої протилежності на доповнення і побудувати ніжні, хоч і трохи ексцентричні стосунки."
3,9,65,"Овен і Терези – пара протилежностей, що притягуються на рівні стихій Вогню і Повітря. Запальному Овну імпонує чарівність та дипломатичність Терезів, тоді як романтичні Терези захоплюються сміливістю та щирістю Овна. Між ними часто виникає сильний фізичний і емоційний потяг: ці двоє здатні доповнювати одне одного, поєднуючи пристрасть з гармонією. Конфлікти можливі, коли Овен наполегливо відстоює свою думку, а Терези уникають сварок – їм потрібно навчитися відкрито обговорювати проблеми, не втрачаючи поваги. За умови компромісу ця пара може бути щасливою: Овен принесе у їхнє життя вогонь кохання, а Терези подарують стосункам рівновагу, красу і взаємну підтримку."
3,10,50,"Овен і Скорпіон утворюють вибухове поєднання двох сильних характерів, де вогонь зустрічається з водою. Обидва знаки пристрасні і волелюбні: Овен діє відкрито і прямо, тоді як загадковий Скорпіон глибоко переживає емоції і часто діє інтуїтивно. Їхній роман може початися з шаленої пристрасті – сексуальне тяжіння між цими знаками надзвичайно сильне і магнетичне. Проте у повсякденності можливі зіткнення характерів: ревнивий Скорпіон часом ображається на прямоту Овна, а незалежний Овен не терпить спроб контролю з боку партнера. Якщо вони навчаться довіряти і стримувати свій запал під час конфліктів, то можуть створити глибокий і відданий союз, побудований на пристрасті та взаємному захопленні."
3,11,90,"Овен і Стрілець – дві споріднені душі стихії Вогню, їхній союз майже ідеальний за захопливістю та взаєморозумінням. Обидва знаки оптимістичні, енергійні та люблять пригоди: разом вони почуваються вільно і радісно, немов двоє відчайдушних мандрівників по життю. Стрілець захоплюється лідерським духом Овна, а Овен цінує життєрадісність та мудрий гумор Стрільця – в їхніх стосунках панує взаємна підтримка та ентузіазм. Ця пара рідко нудьгує: вони постійно відкривають нові горизонти, діляться мріями і надихають один одного на сміливі кроки. Навіть конфлікти між ними швидко згасають, бо обидва не тримають зла – їх об’єднує щире тепло і пристрасть, які роблять цей союз міцним та щасливим."
3,12,40,"Овен і Козеріг – непростий дует, у якому імпульсивний вогонь зустрічається з холодкуватою мудрістю землі. Амбітний Козеріг цінує порядок, дисципліну і прагне довгострокових цілей, тоді як вольовий Овен живе сьогоденням і прагне миттєвих перемог. Спочатку їх може взаємно зацікавити сила характерів одне одного – Козерога інтригує сміливість Овна, а Овна приваблює загадкова витримка Козерога. Проте у стосунках виникають труднощі: Овен може відчувати, що обережний партнер стримує його пориви, а Козеріг часом критикує Овна за недбалість і поспішність. Якщо вони навчаться об’єднувати зусилля – Овен внесе у життя пари драйв і натхнення, а Козеріг забезпечить стабільність – їхній союз може поступово зміцніти і перерости у взаємоповагу."
4,4,90,"Двоє Тельців утворюють гармонійну і стабільну пару, адже вони обидва – земні знаки, що цінують комфорт, вірність і затишок. Їхні стосунки розвиваються повільно і ніжно: кожен партнер розуміє потребу іншого в безпеці та постійності, тому вони почуваються поруч як удома. У такій парі багато чуттєвості та турботи – Тельці щиро піклуються один про одного, насолоджуючись простими радощами життя: смачною вечерею, теплими обіймами, спільними традиціями. Конфлікти між ними рідкісні, хоча впертість обох може проявлятися: якщо виникають суперечки, то іноді важко визначити, хто поступиться першим. На щастя, глибока прив’язаність і прагнення миру допомагають їм долати негаразди – два Тельці здатні прожити разом довге щасливе життя, засноване на любові, довірі та взаємній повазі."
4,5,20,"Телець і Близнюки – дуже різні натури, і їхній союз вважається досить складним через протилежний ритм життя і погляди. Практичний, врівноважений Телець любить спокій і передбачуваність, тоді як легкі на підйом Близнюки мінливі, допитливі і постійно шукають нових вражень. Спочатку Тельця може привабити блискучий розум та дотепність Близнюків, а ті, у свою чергу, оцінять доброту і надійність партнера-Тельця. Але згодом Близнюкам може стати нудно з надто розміреним Тельцем, а Тельця дратуватиме непослідовність та непосидючість Близнюків – вони ніби живуть в різних швидкостях. Цій парі важко знайти спільний ритм, проте якщо обидва щиро закохані і готові до компромісів, Телець принесе стабільність, а Близнюки – яскравість, що може врівноважити їхні стосунки."
4,6,96,"Телець і Рак створюють ніжну та гармонійну пару, де земля і вода природно доповнюють одне одного. Обидва цінують дім, сім’ю та щирі почуття: турботливий Рак відчуває себе захищеним поруч з сильним і спокійним Тельцем, а Телець знаходить в партнері-Раку розуміння і емоційне тепло. Їхній роман розквітає поступово – від вірної дружби до глибокого кохання, збудованого на довірі та взаємній підтримці. Вони інтуїтивно розуміють потреби одне одного: Рак оточує Тельця ласкою і увагою, а практичний Телець забезпечує Раку стабільність та відчуття безпеки. Ця пара має всі шанси на довге і щасливе життя разом – їхній союз міцний, затишний і благословенний справжнім взаємним коханням."
4,7,35,"Телець і Лев – союз землі і вогню, який може бути непростим через різні пріоритети і темпераменти партнерів. Розкішний і гордий Лев любить яскраве життя та увагу, тоді як спокійний Телець прагне простоти, стабільності та душевного комфорту. Спочатку вони можуть захопитися один одним: Лева вражає надійність і сила Тельця, а Телець у захваті від щедрості та харизми Лева. З часом розбіжності стають помітними – Леву може бракувати динаміки і захоплення, а Тельця втомлює потреба Лева бути в центрі уваги та його іноді драматична натура. Якщо кожен навчиться цінувати особливості іншого – Лев подарує стосункам пристрасть і масштаб, а Телець забезпечить їм надійний тил – ця пара матиме шанс знайти власний баланс у коханні."
4,8,85,"Телець і Діва – чудово сумісний земний дует, який вирізняється спільними цінностями, розумінням і прагненням до стабільності. Практична Діва захоплюється силою і вірністю Тельця, а Телець цінує розум, турботливість і уважність Діви до дрібниць. Їхні стосунки розвиваються надійно і спокійно: партнери відчувають себе впевнено один з одним, вміють домовлятися про побутові речі і підтримують спільні життєві плани. У цій парі багато щирої поваги і допомоги: Діва охоче ділиться порадами і лагідно піклується про Тельця, а Телець створює для Діви атмосферу захищеності і любові. Разом вони утворюють міцний союз двох дорослих душ: їхнє кохання з роками стає тільки сильнішим, адже ґрунтується на дружбі, довірі і повній відданості одне одному."
4,9,30,"Телець і Терези – поєднання землі та повітря, яке сповнене як взаємного тяжіння, так і викликів. Обома знаками керує планета Венера, тому спочатку між ними виникає сильна романтика: елегантні Терези зачаровують Тельця своєю ніжністю і шармом, а Терези захоплюються чуттєвістю і надійністю Тельця. Вони люблять красу і комфорт, тому можуть насолоджуватися спільними тихими вечорами при свічках і гарною музикою – їх притягують естетика і гармонія. Проте різниця в характері дається взнаки: Терези більш легкі і соціальні, а Телець прагне усамітнення і сталості – це може спричиняти непорозуміння, коли Терези хочуть нових вражень, а Телець воліє звичного затишку. Щоб цей союз був вдалим, партнерам слід йти на зустріч: якщо Телець проявить більше гнучкості, а Терези – більше вірності, то їхні стосунки зможуть поєднати найкращі якості обох і перетворитися на щасливе кохання."
4,10,65,"Телець + Скорпіон – магнетична пара протилежностей, яка має потужне взаємне притягання. Стабільний земний Телець і емоційно глибокий водний Скорпіон знаходять один в одному те, чого їм бракує: Скорпіона заворожує сила і спокій Тельця, а Телець зачарований загадковою пристрастю Скорпіона. Між ними часто спалахує неймовірно сильна фізична і душевна близькість – їхній інтимний зв’язок насичений емоціями і чуттєвістю. Проте ці двоє – дуже вперті знаки, і конфлікти можуть бути бурхливими: власницький Скорпіон часом провокує ревнощі, а непохитний Телець не любить підкорятися чужому контролю. Якщо вони навчаться довіряти і прощати, їхній союз може стати одним з найміцніших: поєднання вірності Тельця і відданості Скорпіона створює глибоке, трансформуюче кохання на все життя."
4,11,25,"Телець і Стрілець – непроста комбінація, де спокійна земля стикається з непосидючим вогнем. Безтурботний, свободолюбний Стрілець цінує зміну вражень і простір, тоді як домашній Телець прагне затишної стабільності та передбачуваності. Спершу їх може поєднати цікавість одне до одного: Тельця зачаровує життєрадісність Стрільця, а Стрілець знаходить у Тельці ніжність та надійне плече. Але з часом відмінності стають очевидними – Стрільця дратує, що Телець буває надто повільним і не готовим до авантюр, а Телець переживає через непосидючість і відсутність постійності у Стрільці. Цим двом потрібне багато терпіння: якщо Стрілець навчиться бути більш уважним і вірним, а Телець дасть партнеру трохи більше свободи, їхні стосунки можуть набути приємної рівноваги між пригодами і надійністю."
4,12,95,"Телець і Козеріг – союз двох родинних стихій землі, що славиться своєю надійністю і довговічністю. Обидва знаки практичні, відповідальні і серйозно ставляться до стосунків: Козеріг захоплюється щирістю та відданістю Тельця, а Телець поважає амбітність і мудрість Козерога. Їхня любов розвивається неквапливо, зате впевнено – з кожним днем вони все більше довіряють одне одному і спільно будують міцний фундамент для майбутнього. У повсякденному житті вони дивовижно злагоджені: партнери підтримують одне одного в роботі і побуті, вміють разом планувати фінанси, дім і родину, не втрачаючи при цьому романтики у серці. Цей союз майже безхмарний: поєднання ніжності Тельця і дисциплінованості Козерога дає парі силу пройти через будь-які випробування та зберегти глибоке, спокійне і вірне кохання на все життя."
5,5,85,"Двоє Близнюків – це пара двох споріднених повітряних душ, яким ніколи не буває нудно разом. Обидва партнери товариські, дотепні та легкі на підйом, тож їхній роман схожий на веселу гру – сповнений сміху, цікавих розмов і спонтанних пригод. Вони чудово розуміють змінність настроїв одне одного і не ображаються на невеликі примхи, адже самі такі ж – це додає стосункам свободи та взаємного прийняття. Єдина складність – обом іноді бракує стабільності: двоє непосид можуть відволікатися на зовнішній світ і не приділяти достатньо уваги поглибленню емоційного зв’язку. Проте, якщо вони щиро кохають, то, використовуючи свій блискучий інтелект і гумор, здатні вирішити будь-які проблеми – їхній союз залишатиметься живим, романтичним і міцним на основі дружби."
5,6,15,"Близнюки і Рак – дуже різна пара, де легкість повітря зустрічається з глибиною води. Веселі, мінливі Близнюки живуть розумом і новими ідеями, тоді як чутливий Рак керується серцем і емоціями – їм важко говорити однією мовою почуттів. На початку Рак може бути зачарований харизмою та гострим розумом Близнюків, а ті – приваблені ніжністю і добротою Рака. Та з часом Раку не вистачає емоційної віддачі від більш поверхових Близнюків: він може відчувати себе непочутим або покинутим, у той час як Близнюкам складно мати справу з глибокими переживаннями Рака, яких вони не розуміють. Цей союз вимагатиме багато терпіння і зусиль: якщо Близнюки навчаться проявляти більше чуйності, а Рак – давати більше свободи, то вони зможуть створити крихкий, але зворушливо теплий зв’язок."
5,7,85,"Близнюки і Лев – яскрава і соціальна пара, що легко стає центром уваги завдяки своїй привабливості та веселому настрою. Комунікабельні Близнюки зачаровують Лева своєю дотепністю і винахідливістю, а шляхетний Лев щедро дарує партнерам-Близнюкам тепло, захист і захоплення. Їхні стосунки повні пригод та світських подій: вони разом відвідують вечірки, подорожують, творять спільні проекти – їм подобається активне, насичене життя одне з одним. Іноді Лев може вимагати більше уваги і поклоніння, ніж легковажні Близнюки здатні постійно давати, а Близнюкам часом важко прийняти впертий характер Лева. Однак взаємний оптимізм і щирі почуття перемагають: підтримуючи его Лева компліментами та цінуючи свободу Близнюків, ця пара здатна збудувати дуже щасливий, блискучий союз, де завжди панує сміх і любов."
5,8,30,"Близнюки і Діва – обидва під керуванням Меркурія, планети інтелекту, але їхні характери та підходи до життя різняться. Кмітливі Близнюки прагнуть різноманіття і легко переключаються з теми на тему, тоді як аналітична Діва більше зосереджена на деталях, порядку і доведенні справ до кінця. Спочатку їх може поєднати інтелектуальний діалог: Діву захоплює ерудиція та творчість Близнюків, а Близнюки цінують мудрі поради та практичність Діви. Але емоційно їм непросто – Діва критично ставиться до хаотичності Близнюків, а ті можуть нудьгувати від прагнення Діви все контролювати і розкладати по поличках. Цим двом варто навчитися терпіння: якщо Близнюки проявлять більше відповідальності, а Діва – більше гнучкості, вони зможуть взаємно збагатити одне одного і створити цікаві, хоч і трохи ексцентричні стосунки."
5,9,75,"Близнюки і Терези – повітряний дует, що славиться чудовою інтелектуальною та емоційною сумісністю. Обидва знаки товариські, романтичні і цінують гармонію: вони відразу знаходять багато спільних тем для розмов та інтересів, їх притягує взаємна легкість і чарівність. У стосунках панує атмосфера елегантності та взаєморозуміння – Терези приносять баланс і ніжність, а Близнюки – гумор та свіжість, завдяки чому їхній роман розвивається плавно і радісно. Іноді рішення можуть даватися важко, адже обидва трохи непостійні: Терези довго зважують «за» і «проти», а Близнюки можуть передумати в останній момент – це дрібні негаразди, які вони сприймають з усмішкою. Загалом ця пара дуже щаслива: вони є одне для одного і друзями, і коханцями, легко прощають недоліки і насолоджуються легким, ніжним і інтелектуально стимулюючим коханням."
5,10,10,"Близнюки і Скорпіон – складний союз легковажності і глибини, де веселий вітер зустрічає незворушні води таємниць. Поверхневим Близнюкам важко збагнути пристрасну і потаємну душу Скорпіона, а той, у свою чергу, може не довіряти мінливому характеру партнерів-Близнюків. Спершу Скорпіона може зацікавити гострий розум і соціальність Близнюків, а Близнюки, можливо, відчують потяг до магнетизму і сили Скорпіона. Проте з часом їхні відмінності призводять до непорозумінь: Скорпіон прагне глибокої емоційної близькості та вірності, а Близнюки, які люблять свободу і спілкування з багатьма людьми, можуть не виправдати його очікувань. Цей союз рідко буває тривалим без великих зусиль, але якщо доля зводить їх, то лише через взаємне навчання – Скорпіон вчить Близнюків глибини почуттів, а Близнюки нагадують Скорпіону про важливість легкості та сміху."
5,11,99,"Близнюки і Стрілець – протилежні знаки на колі Зодіаку, які утворюють надзвичайно вдалу і яскраву пару. Їх об’єднує любов до свободи, знань і нових вражень: обидва оптимістичні, допитливі і легко збуджуються ідеєю спільної пригоди. Вони відразу стають друзями і коханцями водночас – безкінечні розмови, сміх, подорожі і взаємне підштовхування до розвитку роблять їхній союз динамічним та щасливим. Між ними панує глибока довіра: Стрілець цінує чесність і кмітливість Близнюків, а ті – мудрість і щирість Стрільця; сварки якщо і виникають, то швидко забуваються. Ця пара справляє враження створеної на небесах – їхнє кохання яскраве, взаємно надихаюче та сповнене пригод, і може тривати все життя, не втрачаючи свого вогню."
5,12,10,"Близнюки і Козеріг – комбінація повітря і землі, яка часто здається несумісною через різний підхід до життя. Легкі на підйом, непосидючі Близнюки цінують спілкування та новизну, у той час як серйозний Козеріг орієнтований на роботу, цілі і стабільність – їхні життєві цінності частково різняться. Спочатку Козерога може зацікавити яскравість і дотепність Близнюків, а ті, у свою чергу, відзначать внутрішню силу та амбіційність Козерога. Однак у стосунках їм непросто: Козеріг вважає Близнюків ненадійними і легковажними, а Близнюкам Козеріг здається надто суворим і консервативним – їм важко повністю зрозуміти потреби одне одного. Цей союз потребує багато компромісів та роботи над собою – якщо Близнюки навчаться більшої відповідальності, а Козеріг трохи розслабиться і прийме веселу натуру партнера, то між ними може виникнути повага і навіть особливий зв’язок, хоча й нетиповий."
6,6,90,"Двоє Раків – це глибоко емоційна і ніжна пара, яка розуміє одне одного з півслова і півподиху. Обидва – водні знаки, чутливі, співчутливі та схильні до турботи, тому їхні стосунки наповнені теплом, увагою та взаємною підтримкою. Вони створюють затишний спільний світ: раді разом проводити вечори вдома, дбати про родину, обмінюватися найпотаємнішими почуттями, знаючи, що партнер завжди вислухає і зрозуміє. Конфлікти між ними рідкісні і зазвичай пов’язані лише з тим, що кожен може надто глибоко брати близько до серця слова іншого – проте вони швидко миряться, адже не вміють довго ображатися на кохану людину. Цей союз дуже гармонійний: двоє Раків разом відчувають себе у безпеці і коханні, їхня душевна спорідненість робить їхнє подружнє життя щасливим і міцним на довгі роки."
6,7,25,"Рак і Лев – непроста комбінація води і вогню, де тихі глибини чутливості стикаються з палким темпераментом. Ніжний, сором’язливий Рак прагне емоційної близькості і затишку, тоді як гордий Лев жадає яскравих вражень, похвали і бути в центрі уваги. Спершу Лева може привабити зворушлива щирість та ніжність Рака, а Рак захопиться впевненістю і блиском Лева – між ними виникає своєрідне тяжіння протилежностей. Проте Раку може бути боляче від прямолінійності та домінантності Лева, а Леву – важко зрозуміти змінний настрій і образливість Рака, через що виникають часті образи. Цій парі складно досягти гармонії, але якщо вони дуже кохають: Лев навчиться бути делікатнішим, а Рак – більш впевненим, тоді їхній зв’язок може стати теплішим, поєднавши щирість Рака із великодушністю Лева."
6,8,80,"Рак і Діва – сприятлива комбінація води і землі, де практичність і відданість Діви доповнює чутливість і турботливість Рака. Діва захоплюється глибиною душі і інтуїцією Рака, а Рак цінує надійність, мудрість і увагу до дрібниць з боку партнера-Діви. Їхні стосунки базуються на довірі і повазі: Діва допомагає Раку відчути себе захищеним в реальному світі, підтримує його у повсякденних справах та захищає від життєвих негараздів, а Рак наповнює життя Діви емоційним змістом, теплом і натхненням. У парі мало конфліктів – і Рак, і Діва прагнуть уникати сварок, краще обговорити проблему спокійно за чашкою чаю; хіба що іноді надмірна критичність Діви може зачепити вразливого Рака. Загалом цей союз дуже комфортний: Рак і Діва стають не тільки закоханими, а й найкращими друзями, які завжди готові підставити одне одному плече та разом створити щасливу родину."
6,9,25,"Рак і Терези – витончений, але дещо крихкий союз, де емоційна вода намагається знайти порозуміння з інтелектуальним повітрям. Романтичні Терези захоплюються добрим серцем і ніжністю Рака, а Рак приваблений чарівністю, м’якістю та справедливістю Терезів. Спочатку між ними виникає взаємна симпатія: Терези приносять у життя Рака гармонію і спокій, вміють заспокоїти його тривоги, а Рак дарує Терезам щиру любов і відданість, якої ті прагнуть. Проте в довгостроковій перспективі можуть з’явитися проблеми: Раку важко переживати нерішучість Терезів та їх прагнення розподілити увагу і між іншими людьми, а Терези іноді втомлюються від емоційних хвиль Рака і його ревнощів. Ця пара потребує делікатності та рівноваги: якщо Терези навчаться бути більш чуйними до почуттів Рака, а Рак – більш довіряти і не тиснути на партнера, їхнє ніжне кохання має шанс перетворитися на гармонійний довготривалий союз."
6,10,79,"Рак і Скорпіон – глибокий, майже містичний союз двох водних знаків, які відчувають одне одного на інтуїтивному рівні. Обидва партнери емоційні і щирі: сором’язливий Рак знайде у пристрасному Скорпіоні сильного захисника, якому можна довіритися, а Скорпіон цінує відданість, ніжність і розуміння з боку Рака. Між ними виникає потужний емоційний та фізичний зв’язок – вони діляться найпотаємнішими таємницями, глибоко співпереживають одне одному і відчувають неймовірну близькість у коханні. Інколи ревнощі Скорпіона чи перепади настрою Рака можуть призводити до сварок, проте ці двоє настільки прив’язані, що здатні швидко пробачати і ще міцніше притулятися одне до одного після конфліктів. Їхнє кохання інтенсивне, вірне і трансформуюче: Рак і Скорпіон здатні разом пройти крізь будь-які випробування, підтримуючи і безмежно люблячи одне одного на глибинному, душевному рівні."
6,11,30,"Рак і Стрілець – непростий дует, у якому домашній затишок Рака стикається з бунтівною жагою пригод Стрільця. Чутливому Раку потрібна стабільність, відчуття, що його кохають і про нього дбають, тоді як волелюбний Стрілець прагне простору, нових горизонтів, відкритого світу без обмежень. Спершу їх може зацікавити і навіть зачарувати відмінність характерів: Рак захопиться оптимізмом і життєлюбством Стрільця, а Стрілець зворушиться ніжністю і романтизмом Рака. Але надалі проблем не уникнути: Рак відчуває себе нестабільно поруч з непосидючим партнером, страждає від браку уваги, а Стрілець може задихатися від надмірної чутливості та потреби Рака в постійній близькості. Цим двом важко бути разом, проте якщо доля зведе їх у коханні, то їм необхідно багато спілкуватися і шукати компроміси – можливо, тоді вогонь Стрільця зможе лагідно зігріти ніжне серце Рака, не обпаливши його."
6,12,85,"Рак і Козеріг – пара полярних знаків (вода і земля), що лежать один навпроти одного на зодіакальному колі, і саме тому можуть ідеально збалансувати одне одного. Сором’язливий, сімейний Рак та амбітний, стриманий Козеріг спочатку здаються несхожими, але кожен має те, чого бракує іншому: Козеріг дає Раку відчуття захищеності та структури, а Рак вчить Козерога виражати емоції і відчувати тепло близькості. Їхні стосунки розвиваються поступово і серйозно – обидва налаштовані на довготривалий союз, тому готові працювати над взаєморозумінням і підтримувати одне одного у всьому. Козеріг захоплюється глибиною любові і вірністю Рака, тоді як Рак поважає мудрість, надійність і працелюбність партнера-Козерога – разом вони створюють міцну команду, яка долає життєві труднощі пліч-о-пліч. Ця пара має великий потенціал для щастя: поєднання відданого серця Рака і незламної підтримки Козерога народжує глибоке, зріле кохання, яке лише зміцнюється з роками."
7,7,75,"Двоє Левів – королівський союз, у якому сходяться дві яскраві, горді особистості стихії Вогню. Їхні стосунки сповнені пристрасті, розкоші та взаємного захоплення: кожен Лев бачить в партнері власне віддзеркалення – сильного, чарівного та щедрого. Вони разом створюють атмосферу свята – люблять красиво проводити час, дарувати один одному дорогі подарунки та компліменти, пишаються своєю парою перед оточуючими. Конфлікти можуть виникати, коли обидва одночасно прагнуть бути лідерами і отримувати максимум уваги: двом царям на одному троні буває тісно, тож їм доведеться навчитися ділитися славою і йти на поступки по черзі. Якщо Леви зуміють приборкати своє его і щиро радіти успіхам одне одного, їхнє кохання буде блискучим і міцним – союз двох великих сердець, що горять унісон."
7,8,30,"Лев і Діва – незвичний дует сусідніх знаків, у якому сяючий вогонь зустрічає стриману землю. Величний, темпераментний Лев прагне визнання і поваги, тоді як скромна і розсудлива Діва зазвичай воліє залишатися в тіні, спостерігаючи за всім критичним поглядом. Спочатку Лева може привабити мудрість і надійність Діви, а Діву – благородство, щедрість і сила Лева; вони допитливо вивчають одне одного, ніби протилежності, що притягуються. Але з часом Леву бракує емоційної віддачі та захоплення від стриманої Діви, а Діву можуть втомлювати драматичність і потреба Лева в постійних похвалах – Діва не розуміє цих «вистав» і може несвідомо критикувати, чим ранить Лева. Для успіху цієї пари потрібно багато толерантності: якщо Лев навчиться цінувати тиху підтримку Діви, а Діва – частіше хвалити і захоплюватися партнером, то їхні різні світи зможуть доповнити одне одного і перетворитися на стабільне, взаємовигідне кохання."
7,9,80,"Лев і Терези – одна з найкрасивіших і найгармонійніших пар зодіаку, де вогонь та повітря створюють атмосферу любові та елегантності. Галантні Терези з самого початку зачаровані харизмою, відвагою та теплотою Лева, а Лев, у свою чергу, не може не захоплюватися витонченістю, дипломатичністю та романтичною вдачею Терезів. Їхній роман розвивається легко і щасливо: Лев щедро дарує любов та подарунки, оберігає партнера, а Терези оточують Лева увагою, ніжністю та розумінням – обоє почуваються коханими і особливими. Інколи Лев може проявляти авторитарність, але м’які Терези вміють згладжувати гострі кути своїм тактом; водночас Лев допомагає нерішучим Терезам зробити вибір і відчувати себе впевненіше. Разом вони утворюють майже ідеальну пару: їхнє кохання пристрасне і водночас гармонійне, сповнене романтики, краси та взаємної поваги, завдяки чому цей союз має всі шанси на довге щасливе життя."
7,10,25,"Лев і Скорпіон – дуже інтенсивна та вибухова комбінація вогню і води, яка рідко буває простою. Обидва знаки надзвичайно сильні, вольові і ревниві: гордий Лев вимагає обожнювання і не терпить конкуренції, а глибокий Скорпіон потребує повного єднання душ і контролю над ситуацією. Між ними з першого погляду часто виникає магнетичний потяг – пристрасть у цій парі палає яскраво, їх сексуальна енергія дуже потужна, що може надовго прив’язати їх одне до одного. Проте їхні зіткнення можуть бути драматичними: Скорпіон критикує і ревнує, не бажаючи підкорятися царственій природі Лева, а Лев обурюється на «темні» ігри Скорпіона та його спроби маніпулювати. Цей союз – справжня битва характерів, де кохання і ненависть ходять поруч; лише глибоке почуття і взаємна повага до сили одне одного здатні втримати Лева і Скорпіона разом, перетворивши їхній бурхливий зв’язок на глибоке, пристрасне кохання з елементами драми."
7,11,80,"Лев і Стрілець – блискуча вогняна пара, де обидва партнери діляться однією стихією, що гарантує їм чудове розуміння і спільний запал. Оптимістичний, авантюрний Стрілець і шляхетний, енергійний Лев миттєво знаходять спільну мову: вони обидва люблять життя, веселощі та великі мрії, тож їхні побачення завжди перетворюються на свято. Стрілець щиро захоплюється великодушністю і харизмою Лева, а Лев цінує мудрість, прямоту і почуття гумору Стрільця – вони взаємно підживлюють амбіції та творчість одне одного. У стосунках панує свобода і довіра: кожен з них зберігає свою незалежність, але залишається відданим партнеру; вони рідко ревнують чи обмежують одне одного, адже кохання для них – це спільний політ, а не клітка. Ця пара має всі шанси прожити разом яскраве і щасливе життя: їх об’єднує пристрасть, дружба і спільний світогляд, тож навіть з роками вогонь їхнього кохання не згасає, а лише тепліше горить."
7,12,25,"Лев і Козеріг – незвична пара, де сяйво сонячного Лева перетинається з тінню серйозного Козерога. Життєрадісний, щедрий Лев звик бути в центрі уваги і витрачати життя, насолоджуючись кожною миттю, тоді як стриманий, працьовитий Козеріг зосереджений на цілях, роботі і відповідальності. Спочатку Леву імпонує надійність і зрілість Козерога – поруч із ним він почувається захищеним і шанованим, а Козерога приваблюють блискуча харизма, щедрість і життєлюбність Лева – той відкриває йому світ радості і сміливості. Але з часом Лев може відчувати брак емоційного тепла та підтримки від стриманого Козерога, а Козеріг буде невдоволений «легковажністю» Лева – фінансовою чи побутовою непрактичністю, прагненням постійних розваг. Цей союз вимагає багато роботи: якщо Лев навчиться більшої дисципліни та терпіння, а Козеріг – буде частіше хвалити Лева і розділяти його радість, то вони зможуть створити шанобливі стосунки, де серйозність Козерога врівноважить сонячне тепло Лева."
8,8,70,"Двоє Дів утворюють практичний і гармонійний союз, де обидва партнери дивляться на світ через призму логіки, порядку та відповідальності. Вони чудово розуміють одне одного: у стосунках панує порядок і взаємна підтримка – кожен намагається допомогти іншому порадою, впорядкувати спільний побут і разом вирішувати проблеми. Ця пара може здаватися дещо стриманою назовні, але їх об’єднує глибока повага і довіра: вони віддані і щирі, цінують вірність та стабільність, які разом будують день за днем. Можливий мінус – обидва схильні до критичності: іноді вони надто прискіпливо ставляться одне до одного через дрібниці, що може викликати невеликі образи. Проте, якщо Діви навчаться трохи більше хвалити і підтримувати одне одного замість критики, їхнє спільне життя буде спокійним, надійним та щасливим – союз двох розумних, добрих серцем людей."
8,9,40,"Діва і Терези – цікавий союз сусідніх знаків, де практична земля межує з повітряною легкістю, породжуючи як взаємне тяжіння, так і нерозуміння. Розсудлива Діва захоплюється шармом, витонченістю та доброзичливістю Терезів, а Терези цінують інтелект, надійність і почуття обов’язку Діви – на початку вони знаходять багато спільного через спокійний темперамент. У їхніх стосунках є взаємна повага та ввічливість: Діва допомагає Терезам більш організовано підходити до справ, а Терези вчать Діву відпочивати і насолоджуватися прекрасним. Але вони по-різному приймають рішення: Діва аналітична і критична, а Терези довго вагаються, прагнучи гармонії – це може дратувати Діву, а Терези можуть відчувати себе трошки «під контролем» у перфекціоністської Діви. За бажання ці знаки здатні знайти баланс: якщо Діва буде менш категоричною, а Терези – більш відповідальними, їхні різні підходи доповнять одне одного, подарувавши стосункам і стабільність, і романтичну іскру."
8,10,95,"Діва і Скорпіон – одна з найсильніших і найцікавіших комбінацій землі та води, де раціональність поєднується з глибиною почуттів. Обидва партнери серйозні, віддані та уважні до деталей: Діва вражена пристрастю та рішучістю Скорпіона, а Скорпіон поважає мудрість, надійність та аналітичний розум Діви. Їхнє кохання розквітає поступово, але вкорінюється глибоко – вони стають справжньою командою, що підтримує одне одного у всіх сферах життя, зберігаючи при цьому романтичну іскру. Діва привносить у стосунки стабільність і спокій, вміє заспокоїти емоційні бурі Скорпіона логікою і турботою, а Скорпіон додає пристрасті та емоційної насиченості, пробуджуючи у стриманій Діві глибші почуття. Цей союз майже бездоганний: об’єднавши свої найкращі якості – відданість, чесність та чуттєвість – Діва і Скорпіон здатні прожити довге і щасливе життя, будучи одне одному і партнерами, і опорою, і справжніми спорідненими душами."
8,11,25,"Діва і Стрілець – доволі непростий союз, де обережна практичність стикається з бурхливим оптимізмом і жагою пригод. Діва живе за планом, уважна до дрібниць та зобов’язань, натомість Стрілець спонтанний, волелюбний і не любить обмежень – це може викликати взаємне нерозуміння. Спочатку Стрільця приваблює витонченість і розум Діви, а Діву інтригує життєрадісність і прямота Стрільця – між ними пробігає іскра цікавості і навіть флірту. Проте будувати щось серйозне важко: Діву дратує безтурботність Стрільця і його нехтування деталями, а Стрілець почувається скуто під постійною критикою та строгістю Діви. Ця пара вимагає величезної роботи над собою: якщо вони спробують перейняти кращі риси одне одного – Стрілець стане трохи відповідальнішим, а Діва навчиться легше ставитися до життя – тоді з’явиться надія на нестандартне, але цікаве партнерство."
8,12,80,"Діва і Козеріг – чудово сумісний земний союз, що грунтується на спільних цінностях, працьовитості та взаємній повазі. Обидва прагнуть стабільності, успіху та порядку в житті: старанна Діва захоплюється амбітністю і витримкою Козерога, а Козеріг цінує уважність, інтелект та відданість Діви. У стосунках вони з самого початку серйозні і щирі – можуть разом працювати над спільними цілями, підтримувати одне одного в кар’єрі і створювати міцний фундамент для сім’ї. Діва приносить у життя пари затишок, турботу про дрібниці та здоровий глузд, а Козеріг додає структур, стабільності і певності у майбутньому, чого часом бракує Скорпіону )."
9,9,70,"Знак Терезів є знаком стосунків, і вони часто мають місію навчати інших, як будувати взаємини. Коли двоє Терезів починають зустрічатися, їм може бути важко знайти мету своїх стосунків, оскільки вони обоє, здається, мають спільну місію та мету, пов'язану з іншими людьми. Якщо вони знайдуть спільну точку дотику, поєднавши свої дії та дотримуючись спільних цінностей, вони матимуть тенденцію стати ідеально збалансованою парою. Єдине, чого їм обом бракує і що дуже важко розвинути, — це почуття взаємної поваги без пасивного осуду чи очікувань. Обоє схильні до цієї проблеми у своєму оточенні, і коли вони разом, ці проблеми легко множаться. Якщо вони дозволять одне одному бути такими, якими вони є, вони можуть стати натхненням для всіх нас, навчаючи нас, що таке справді продуктивні стосунки."
9,10,30,"Стосунки між Терезами та Скорпіоном аж ніяк не є легкими та безтурботними. Обом партнерам доведеться зіткнутися зі своїми темними сторонами через цей зв'язок, і хоча це може призвести до неймовірного та інтенсивного сексуального життя та емоцій, які ніхто інший не може зрозуміти, це може привести їх обох до депресивної ями, з якої вони не зможуть легко вибратися. Єдиний спосіб для цієї пари зберегти задоволення і ніжні стосунки — це побудувати сильне індивідуальне, незалежне життя, інакше вони потраплять у вир кармічних емоцій і нав'язливих, негативних очікувань."
9,11,70,"Відносини між Терезами і Стрільцем у більшості випадків є благотворним зв'язком, який дозволяє цим партнерам розвивати свій емоційний, внутрішній світ і будувати своє життя без негативних впливів. Однак між ними існує архетипна боротьба, оскільки Сатурн підноситься в Терезах і не дуже піклується про свого сина, Юпітера, правителя Стрільця. Це може легко призвести до боротьби за верховенство і битви за домінуючу позицію між ними. Це є продовженням пораненого Сонця Терезів, а Стрілець ідеально впишеться в необхідність відмовитися від будь-якого почуття гордості через деякі дитячі переконання. Єдиний спосіб для них бути щасливими разом — це повністю поважати один одного і дозволяти один одному робити те, що вони повинні робити. Терези повинні дотримуватися своїх стосунків і кохання, якими керує Венера, а Стрілець повинен дотримуватися своїх переконань і широти поглядів, якими керує Юпітер, примножуючи кохання, яке дарують Терези."
9,12,35,"Якщо ми хочемо вибрати найкраще слово для опису стосунків між партнерами-Терезами та Козерогами, то це буде слово «складні». Це не означає, що вони не будуть насолоджуватися спільним життям або не залишаться у стосунках надовго, але це, безумовно, не той зв'язок, на який зважилися б багато інших знаків зодіаку. Їх найбільшою проблемою є відсутність поваги до емоційної цінності, яка зазвичай ініціюється Козерогом, але легко продовжується Терезами. Якщо вони знайдуть спосіб ділитися, показувати і розуміти емоції один одного, все інше здаватиметься легким завданням."
10,10,65,"Скорпіон і Скорпіон мають схильність виявляти в один одному найгірше. Хоча вони можуть поділяти найглибше взаєморозуміння з усіх знаків зодіаку, вони також можуть занадто занурюватися в темряву і депресію, потопаючи у своїх невирішених емоціях. Їхнє емоційне взаєморозуміння є чимось, що варто цінувати, якщо вони обоє відкриті до своїх почуттів і приймають свої внутрішні потреби."
10,11,30,"Скорпіон і Стрілець складають чудову пару, поки вони відчувають перше захоплення на початку своїх стосунків. Поки вони ще не знають один одного добре і все здається новим і неймовірним, Скорпіон буде бачити свого партнера-Стрільця як промінь світла, який раптово робить його життя яскравішим і кращим, а Стрілець побачить, що є так багато чого дізнатися і насолодитися глибиною свого партнера-Скорпіона, а потім і емоційною прихильністю. Згодом є велика ймовірність, що вони повільно втратять інтерес одне до одного, особливо мінливий знак Стрільця до свого стабільного партнера-Скорпіона. Навіть якщо їхні стосунки можуть закінчитися на поганих умовах, було б шкода не піддатися їм і не дозволити їм зачарувати і піднести обох на якийсь час."
10,12,65,"Стосунки Скорпіона і Козерога можуть надихати обох партнерів на пошук істини, дослідження свого родоводу та вирішення невирішених кармічних проблем і боргів. Вони обоє глибокі і не ставляться до речей легковажно, що допоможе їм побудувати міцний фундамент для стосунків, які можуть тривати довго. Однак саме це може легко зробити їхні стосунки занадто похмурими і беземоційними, занурити їх обох у стан смутку і депресії або просто пробудити в них потребу шукати світло з кимось іншим."
11,11,75,"Один Стрілець легко закохається в іншого, і їхні пристрасні стосунки можуть дуже швидко змінитися. Як два представники мінливого знака, вони легко пристосуються, але з такою ж легкістю змінять свої думки та почуття один до одного. Це не завжди обіцяє довгострокові стосунки, адже немає партнера, який би був клеєм, що тримає їх разом. Це не означає, що вони не будуть насолоджуватися компанією один одного, знаходити багато спільного, коли вони разом, і сміятися, як діти, перебуваючи на одному шляху. Якщо вони відкриють для себе справжнє щастя двох людей, на яких впливає Юпітер, вони можуть втратити інтерес до всіх інших і знайти той необхідний баланс, який утримає їх разом у їхніх подорожах протягом усього життя."
11,12,40,"Це не ідеальні стосунки, і вони рідко стають тими, в яких обоє вирішують залишитися на все життя. Проте, їхнє розуміння та прийняття своїх відмінностей є освіжаючим і веселим для обох партнерів, і вони можуть добре проводити час разом, незалежно від того, як довго це триватиме. Ми не можемо передбачити надто велику стабільність, якщо тільки Козеріг не вирішить її створити, але посмішка на обличчі Стрільця і його здатність розсмішити партнера можуть бути опорою їхнього зв'язку стільки, скільки їм обом це потрібно."
12,12,80,"Незважаючи на те, що вони є представниками одного і того ж знака зодіаку, кожен Козеріг є індивідуальністю зі своїми цінностями, які не підлягають зміні. Козерігу нелегко знайти іншого Козеріга, який би поділяв його цінності. Жорсткий характер Козерога не дозволяє йому з розумінням ставитися до поведінки, яка «не схвалюється», і бути Козерогом не виключає нікого з первинних рівнянь, які встановлює кожен з них. Вони повинні дотримуватися цінностей, які вони поділяють, замість того, щоб ставити під сумнів ті, які їм не подобаються."
